﻿State,Sum of COVID-19 Deaths
Alabama,42703
Alaska,3073
Arizona,60361
Arkansas,25195
California,216526
Colorado,30603
Connecticut,25025
Delaware,6863
District of Columbia,4556
Florida,161392
Georgia,72396
Hawaii,3820
Idaho,11207
Illinois,77064
Indiana,53551
Iowa,22026
Kansas,20268
Kentucky,40248
Louisiana,35309
Maine,6478
Maryland,36038
Massachusetts,42257
Michigan,73835
Minnesota,30515
Mississippi,29683
Missouri,46565
Montana,7918
Nebraska,11650
Nevada,24447
New Hampshire,6209
New Jersey,71004
New Mexico,17828
New York,160024
North Carolina,67927
North Dakota,6249
Ohio,99043
Oklahoma,36897
Oregon,18318
Pennsylvania,105454
Puerto Rico,12389
Rhode Island,8163
South Carolina,41387
South Dakota,6960
Tennessee,60280
Texas,207715
Utah,11743
Vermont,1979
Virginia,45981
Washington,29802
West Virginia,16556
Wisconsin,34023
Wyoming,3741